country,1951,1952,1953,1954,1955,1956,1957,1958,1959,1960,1961,1962,1963,1964,1965,1966,1967,1968,1969,1970,1971,1972,1973,1974,1975,1976,1977,1978,1979,1980,1981,1982,1983,1984,1985,1986,1987,1988,1989,1990,1991,1992,1993,1994,1995,1996,1997,1998,1999,2000,2001,2002,2003,2004,2005,2006,2007,2008,2009,2010,2011,2012,2013,2014,2015,2016,2017,2018,2019,2020
Afghanistan,,,,,,,,,,,,,,,,,,,,,,,,,,,,,0,0,0,0,0,0,0,0,0,0,0,50,38,60k,32.1k,19.1k,19.6k,18.8k,5,0,0,0,10,0,24,31,31,34,43,37,36,6430,3010,16.2k,16.9k,300k,258k,59.8k,75.9k,72.2k,72.2k,72.3k
Angola,,,,,,,,,,0,0,0,0,0,0,0,0,0,0,0,0,0,0,0,0,10k,235k,142k,66k,75k,91.7k,96.3k,96.3k,92.3k,91.5k,92.3k,91.2k,90.3k,12.9k,11.6k,11k,11k,10.9k,10.7k,10.9k,9380,9360,10.6k,13.1k,12.1k,12.2k,12.2k,13.4k,14k,14k,13.1k,12.1k,12.7k,14.7k,15.1k,16.2k,23.4k,23.8k,15.5k,15.5k,15.5k,41.1k,39.9k,25.8k,25.8k
Albania,,,,,,,,,,,,,,0,0,0,0,0,0,0,0,0,0,0,0,0,0,0,0,0,0,0,0,0,0,0,0,0,0,0,0,3000,3000,3000,4720,4930,34,22.3k,3930,521,291,18,24,49,53,56,68,57,69,75,79,84,96,111,109,141,124,132,120,115
Andorra,,,,,,,,,,,,,,,,,,,,,,,,,,,,,,,,,,,,,,,,,,,,,,,,,,,0,0,0,0,0,0,0,0,0,0,0,0,0,0,0,0,0,0,0,0
United Arab Emirates,,,,,,,,,,,,,,,,,,300,300,0,870,870,3200,1200,0,4000,390,390,590,2490,6090,3690,4090,5170,26.4k,0,0,0,70,0,0,0,434,380,409,464,519,532,501,560,554,165,160,106,104,176,161,204,280,538,675,628,602,419,663,888,884,1170,1240,1330
Argentina,,,,,,,,,,,,,,,,,,,32k,35k,34k,33k,37k,47k,46k,41k,35k,26.4k,27.1k,26.5k,26.5k,11.5k,11.5k,11.5k,14k,14k,13.6k,13.6k,12.6k,11.7k,11.5k,11.5k,11.6k,11.9k,10.3k,10.4k,10.5k,2260,2340,2380,2380,2430,2630,2900,3050,3130,3250,2820,3210,3260,3340,3470,3340,3470,3190,3270,3330,3440,3860,4050
Armenia,,,,,,,,,,,,,,0,0,0,0,0,0,0,0,0,0,0,0,0,0,0,0,0,0,0,0,0,0,0,0,0,0,0,0,300k,334k,304k,219k,219k,219k,310k,296k,281k,264k,248k,239k,235k,220k,114k,4560,3950,3610,3290,2910,2850,13.7k,17.6k,19.3k,17.9k,18k,18k,18k,108k
Antigua and Barbuda,,,,,,,,,,,,,,,,,,,,,,,,,,,,,,,,,,,,,,,,,,,,,,,,,,0,0,0,0,0,0,0,0,0,0,0,0,0,0,0,15,5,0,0,0,0
Australia,180k,0,0,0,0,0,0,0,0,0,0,0,0,0,40k,40k,44k,43k,42k,42k,0,0,0,0,0,0,0,304k,304k,304k,317k,317k,317k,89k,89k,85.9k,87.6k,91k,97.9k,97.9k,53.1k,52.6k,53.5k,57.6k,62.1k,67.3k,66.1k,69.7k,64.9k,60.2k,57.9k,59.4k,56.2k,63.5k,65k,68.9k,22.2k,20.9k,22.5k,21.8k,23.4k,30.1k,34.5k,35.6k,36.9k,42.2k,48.5k,56.9k,58.5k,57.5k
Austria,282k,238k,215k,150k,110k,140k,68k,53k,44k,39k,34k,30k,27k,25k,25k,24.5k,24k,24k,25k,25.3k,25k,25k,25k,25k,20k,25k,20k,20k,25k,15.5k,17.9k,35k,37.3k,39.1k,40.5k,41.2k,41.2k,39.8k,39.4k,34.9k,34.5k,62.4k,57.7k,40.7k,34.4k,89.1k,84.4k,80.3k,82.1k,15.5k,14.4k,14.1k,16.1k,17.8k,21.2k,25.5k,30.8k,37.5k,38.9k,42.6k,47.1k,51.7k,55.6k,60.7k,72.2k,93.2k,115k,129k,136k,142k
Azerbaijan,,,,,,,,,,,,,,,,,,,,,,,,,,,,,,,,,,,,,,,,,,246k,229k,232k,234k,234k,234k,222k,222k,280,363,453,324,8600,3000,2620,2350,2060,1640,1890,1730,1470,1380,1300,1280,1190,1120,1130,1110,1580
Burundi,,,,,,,,,,,30k,30k,34k,78k,65k,79k,79k,72.2k,46.2k,38.8k,33k,43.4k,49k,48.5k,49.5k,49.5k,50k,50.3k,50.5k,235k,235k,253k,254k,274k,267k,268k,268k,268k,267k,268k,270k,272k,272k,300k,173k,20.7k,22k,25.1k,22.1k,27.1k,27.9k,40.5k,41k,48.8k,20.7k,13.2k,24.5k,21.1k,25k,29.4k,35.7k,41.8k,45.5k,52.9k,53.4k,57.5k,62.4k,71.5k,78.5k,75.5k
Belgium,55k,53.5k,53k,53k,53k,65k,69k,63k,58k,55k,53k,51k,50k,47k,47k,40k,34k,33k,30k,31.5k,29k,29k,20k,11.1k,16.8k,17k,17k,17k,32k,33k,35k,21k,35k,36.4k,36.6k,35.9k,22k,23.1k,25.5k,25.9k,24.1k,24.3k,24.9k,19.5k,31.7k,36.1k,36.1k,15.5k,16.7k,18.8k,12.3k,12.6k,12.6k,13.5k,15.3k,16.8k,17.6k,17k,15.5k,17.9k,22.4k,22k,25.6k,29.2k,35.3k,42.2k,42.2k,42.2k,61.7k,65k
Benin,,,,,,,,,,,,,,,,,,,1100,0,0,0,0,0,0,0,0,0,0,0,0,0,50,800,3700,3740,3050,1180,858,456,456,293,156k,70.4k,23.8k,5960,2910,2900,3650,4290,4790,5010,5030,4800,30.3k,10.8k,7610,6930,7200,7140,7210,4960,190,414,526,804,1060,1170,1240,1400
Burkina Faso,,,,,,,,,,,,,,,,,,,,,,,,,,,,,,,,,70,100,90,220,270,260,360,350,320,5670,6600,50k,29.8k,28.4k,1800,562,672,692,457,457,466,494,513,512,535,556,543,530,549,39.3k,29.2k,31.9k,34k,32.6k,24.2k,25.1k,25.9k,20.3k
Bangladesh,,,,,,,,,,,,,,,,,,,,,,,,,,,,164k,0,0,0,0,0,0,0,0,0,0,0,145,40.3k,245k,199k,116k,51.1k,30.7k,21.6k,22.3k,22.2k,21.6k,22.2k,22k,19.8k,20.4k,21.1k,26.3k,27.6k,28.4k,229k,229k,230k,231k,231k,232k,232k,276k,932k,907k,855k,867k
Bulgaria,,,,,,,,,,,,,,,,,,,0,0,0,0,0,0,0,0,0,0,0,0,0,0,0,0,0,0,0,0,0,0,0,218,443,1050,1320,1430,382,241,542,1470,2980,3640,4050,4680,4390,4480,4810,5110,5380,5520,5680,2270,4310,11k,16.5k,17.8k,19.2k,19.9k,20.4k,21.2k
Bahrain,,,,,,,,,,,,,,,,,,,,,,,,60,0,0,0,0,0,0,0,0,0,0,800,0,2360,50,150,1780,0,0,0,0,0,0,0,0,0,0,0,0,0,0,0,0,0,48,139,165,199,289,294,310,246,270,255,262,251,256
Bahamas,,,,,,,,,,,,,,,,,,,,,,,,,,,,,,,,,,,,,,,,,,374,59,0,8,47,58,78,98,98,0,0,0,0,0,0,0,0,0,27,27,36,14,12,7,9,8,14,10,25
Bosnia and Herzegovina,,,,,,,,,,,,,,,,,,,,,,,,,,,,,,,,,,,,,,,,,,0,0,0,0,0,40k,40k,65.6k,38.1k,32.7k,28k,22.5k,22.2k,10.6k,10.3k,7360,7250,7130,7010,6930,6900,6920,6880,6790,5270,5220,5230,5240,5260
Belarus,,,,,,,,,,,,,,,,,,,,,,,,,,,,,,,,,,,,,,,,,,,,1820,29k,30.5k,50,75,261,453,581,612,631,719,718,683,643,602,578,587,594,572,599,919,1810,1650,2160,2230,2730,2920
Belize,,,,,,,,,,,,,,,,,,,,,,,,,,,,,,4000,7000,3120,7000,8180,9000,9000,10k,30.1k,30.1k,30.7k,30k,20.4k,8910,8860,8750,8530,8390,3480,2890,1250,1130,1050,861,732,624,488,358,277,230,134,78,27,21,10,34,0,0,29,29,29
Bolivia,,,,,,,,,,,,,,,,,,,,0,0,700,700,700,0,0,0,500,500,500,500,0,0,0,170,120,170,220,270,200,341,491,669,734,680,697,331,345,349,352,348,352,525,524,532,562,619,649,664,680,701,717,734,751,762,776,802,802,863,1160
Brazil,,,,,,,,,,,,,,,,,,,40k,40k,38k,37k,35.2k,34k,32k,30k,36k,35k,25k,24k,24k,5400,5400,5300,5300,5300,5280,5330,5330,5340,5390,5440,6200,2220,2050,2210,2260,2350,2370,2720,2880,3180,3190,3330,3450,3480,20.8k,3830,4220,4350,4470,4680,5190,7480,8700,9670,10.3k,11.3k,32.8k,59.1k
Barbados,,,,,,,,,,,,,,,,,,,,,,,,,,,,,,,,,,,,,,,,,,,,0,0,0,0,0,0,0,0,0,0,0,0,0,0,0,0,0,0,0,0,0,0,0,0,0,0,0
Brunei,,,,,,,,,,,,,,,,,,,,,,,,,,,,,,,,,,,,,,,,,,,,,0,0,0,0,0,0,0,0,0,0,0,0,0,0,0,0,0,0,0,0,0,0,0,0,0,0
Bhutan,,,,,,,,,,,,,,,,3000,0,0,0,0,0,0,0,0,0,0,0,0,0,0,0,0,0,0,0,0,0,0,0,0,0,0,0,0,0,0,0,0,0,0,0,0,0,0,0,0,0,0,0,0,0,0,0,0,0,0,0,0,0,0
Botswana,,,,,,,,,,,,,,,,,,3980,3600,4360,8890,4500,4500,2480,2400,2840,4810,19k,23.3k,1300,1290,1300,4600,4970,5680,4830,5300,2330,1260,1180,1050,497,517,503,266,211,280,2130,1290,3550,3580,2800,2830,2830,3100,3150,2460,3020,3020,2980,3310,2780,2770,2640,2130,2090,2120,2040,1110,637
Central African Republic,,,,,,,,,,,,,,3300,20.6k,43k,35k,23k,23k,27.1k,28k,22k,7000,5000,5000,0,0,0,1000,7000,4000,7450,6790,42k,46.3k,13k,4250,3150,2490,4280,12.2k,19k,44.1k,47.8k,33.9k,36.6k,38.5k,43k,49.3k,55.7k,49.2k,50.7k,44.8k,25k,24.6k,12.4k,7530,7420,27k,21.6k,16.7k,14k,14.3k,7690,7330,12.1k,10k,6650,7170,9080
Canada,169k,155k,107k,75.8k,52.6k,17.5k,46.3k,46.9k,47.9k,48.6k,44.5k,12.3k,10.9k,10.2k,9980,10.2k,9990,17.9k,19.3k,18.5k,17.2k,20.9k,13.4k,11.4k,16.3k,27.4k,29.5k,31.3k,57.9k,92.7k,96.4k,108k,121k,113k,92.2k,98.7k,105k,116k,136k,155k,171k,184k,183k,187k,152k,138k,125k,119k,123k,127k,129k,130k,133k,141k,147k,152k,176k,174k,169k,166k,165k,164k,160k,149k,136k,97.3k,105k,114k,102k,109k
Switzerland,10k,9800,9500,9400,9200,20.7k,20.5k,20k,20k,20k,20k,20k,20k,20k,20k,20.5k,21k,26k,30k,31k,30k,35k,35k,35k,35k,35k,30k,30k,30k,32k,40k,33.4k,32.3k,31.2k,30.7k,31.3k,31.7k,31.9k,36.8k,40.9k,45.6k,51.9k,56.6k,75.3k,82.9k,84.4k,83.2k,81.9k,82.3k,57.6k,58.5k,54.1k,50.1k,47.7k,48k,48.5k,45.6k,46.1k,46.2k,48.8k,50.4k,50.7k,52.4k,62.6k,73.3k,82.7k,93k,104k,110k,116k
Chile,,,,,,,,,,,,,,,,,,,6500,6000,7000,7000,9500,3700,3300,4000,5200,3080,2000,1500,1500,2500,2500,2500,540,0,0,300,300,58,72,142,237,216,280,307,270,306,326,366,389,414,472,566,807,1140,1380,1610,1540,1610,1670,1690,1740,1760,1840,1730,1860,2030,2050,2080
China,,,,,,,,,,,,,,0,0,970,0,0,0,0,0,0,0,0,0,0,0,0,250k,263k,265k,272k,277k,280k,280k,282k,281k,284k,284k,287k,289k,288k,287k,287k,288k,290k,292k,292k,293k,294k,295k,297k,299k,299k,301k,301k,301k,301k,301k,301k,301k,301k,301k,301k,301k,317k,322k,322k,303k,303k
Cote d'Ivoire,,,,,,,,,,,,,,,,,,,12k,0,300,0,0,0,300k,500k,0,0,0,0,0,0,450,650,810,880,800,800,480,272k,230k,174k,252k,360k,298k,328k,209k,151k,138k,121k,126k,44.8k,76k,72.1k,41.6k,27.3k,24.6k,24.8k,24.6k,26.2k,24.2k,3970,2970,1920,1970,1400,1560,1810,2020,2110
Cameroon,,,,,,,,,,,,,,,,,,,,8000,0,0,0,0,30k,30k,30k,30k,20k,128k,173k,36.8k,4190,13.7k,35.1k,53.6k,59.2k,51.2k,48.6k,49.9k,45.2k,42.2k,44k,44k,45.8k,46.4k,47.1k,47.8k,49.2k,43.7k,41.2k,58.3k,58.6k,58.9k,52k,35.1k,60.1k,81k,100k,104k,100k,99k,115k,264k,343k,375k,337k,380k,406k,436k
"Congo, Dem. Rep.",,,,,,,,,,150k,203k,223k,237k,236k,265k,357k,434k,475k,496k,489k,474k,495k,460k,503k,510k,515k,530k,653k,710k,611k,577k,498k,304k,337k,283k,301k,320k,341k,341k,416k,483k,391k,572k,1.72M,1.43M,676k,298k,240k,285k,333k,362k,333k,234k,199k,204k,208k,177k,155k,186k,166k,153k,65.1k,113k,120k,383k,452k,537k,529k,524k,490k
"Congo, Rep.",,,,,,,,,,,,,,,,,0,0,500,500,0,0,0,10k,5000,0,0,150,0,0,0,0,1000,1000,1200,1580,2120,2160,3400,2990,3400,3390,13.6k,15.5k,19.4k,20.5k,20.7k,27.2k,39.9k,123k,119k,109k,91.4k,68.5k,66.1k,55.8k,38.5k,24.8k,111k,133k,141k,98.4k,51k,54.8k,45k,46.5k,48.5k,37.5k,25.7k,27.1k
Colombia,,,,,,,,,,,,,,,,,,,,1500,1400,1350,1450,1200,0,0,1800,1500,2000,2000,1800,150,210,330,400,240,680,720,700,460,450,478,296,312,220,222,223,226,232,244,213,208,189,146,152,137,164,165,184,198,208,204,207,198,212,241,260,294,634,997
Comoros,,,,,,,,,,,,,,,,,,,,,,,,,,,,,,,,,,,,,,,0,0,0,0,0,0,0,0,0,0,9,13,12,0,0,0,0,0,0,0,0,0,0,0,0,0,0,0,0,0,0,5
Cape Verde,,,,,,,,,,,,,,,,0,0,0,0,0,0,0,0,0,0,0,0,0,0,0,0,0,0,0,0,0,0,0,0,0,5,0,0,0,0,0,0,0,0,0,0,0,0,0,0,0,0,0,0,0,0,0,0,0,0,0,0,0,0,0
Costa Rica,,,,,,,,,,,,,,,,,,,,,,700,0,200,0,0,3500,133k,18.6k,10.1k,15k,16.4k,16.9k,16.9k,24k,31.2k,31.6k,279k,279k,276k,117k,114k,24.8k,24.6k,24.2k,23.2k,23.1k,23k,22.9k,5520,8100,12.4k,13.5k,10.4k,11.3k,11.5k,17.2k,18.1k,19.1k,19.5k,20k,20.4k,20.6k,20.7k,3600,4160,4480,4530,6200,9650
Cuba,,,,,,,,,,,,,,,,,,,0,0,0,0,0,1300,0,0,2600,4000,3060,2970,2000,2000,2000,2000,2000,2000,2000,2000,3990,3990,0,5090,3610,1990,1830,1700,1270,1070,956,951,1030,1000,833,791,697,656,617,523,445,406,381,366,377,276,300,312,343,287,233,232
Cyprus,,,,,,,,,,,,,,,,,,200,200,200,200,200,0,0,0,0,700,0,0,0,0,0,0,0,0,0,0,60,0,31,61,80,81,67,53,45,38,77,112,73,84,171,339,525,700,926,1190,1460,2890,3400,3500,3630,3880,5120,7060,8480,9790,11k,12.3k,14k
Czech Republic,,,,,,,,,,,,,,,,,,,,0,0,0,0,0,0,0,0,0,0,0,0,0,0,0,0,0,0,0,0,0,691,9400,188,1190,2660,2270,1730,1810,1230,1190,1220,1300,1520,1620,1800,1890,2020,2100,2300,2420,2420,2780,2970,3130,3640,3640,3640,2190,2050,1960
Germany,265k,240k,228k,225k,219k,221k,217k,212k,205k,197k,190k,185k,182k,180k,180k,140k,112k,110k,113k,115k,125k,125k,125k,123k,122k,122k,120k,83.5k,87k,94k,100k,100k,115k,127k,475k,548k,596k,610k,629k,816k,822k,1.24M,1.42M,1.35M,1.27M,1.27M,1.05M,949k,976k,906k,903k,980k,960k,877k,700k,605k,579k,583k,594k,594k,572k,590k,188k,217k,316k,669k,970k,1.06M,1.15M,1.21M
Djibouti,,,,,,,,,,,,,,,,,,,,,,,,,,,8000,20k,28.8k,45.3k,31.8k,34.2k,29.2k,16.8k,17.3k,16.7k,13.1k,1270,31.4k,77.6k,96.1k,28k,34.1k,33.4k,27.3k,25.1k,23.6k,23.6k,23.3k,23.2k,23.2k,21.7k,27k,18k,10.5k,9260,6650,9230,12.1k,15.1k,20.3k,19.1k,20k,20.5k,19.4k,17.7k,17.6k,18.3k,19.6k,21.2k
Dominica,,,,,,,,,,,,,,,,,,,,,,,,,,,,,,,,,,,,,,,,,,,,,,,,,,0,0,0,0,0,0,0,0,0,0,0,0,0,0,0,0,0,0,0,0,0
Denmark,2000,1800,1600,1400,1300,2500,2500,2500,2400,2300,2200,2200,2200,0,0,0,0,0,0,2000,4400,3690,3690,2900,2130,2100,1760,1800,1800,1800,1800,1800,3600,8500,8500,23k,30k,27.3k,30.7k,32.9k,36.1k,39.1k,44.6k,49.6k,64.8k,66.4k,68.1k,69k,69k,71k,73.3k,73.6k,69.9k,65.3k,44.4k,36.6k,26.8k,23.4k,20.3k,17.9k,13.4k,11.8k,13.2k,17.8k,27.3k,33.5k,35.7k,36.6k,37.5k,36.7k
Dominican Republic,,,,,,,,,,,,,,,,,,,,1000,1000,1100,0,1000,0,0,500,300,3300,3800,5000,5000,5000,5130,6000,4980,5000,4690,3320,1970,1570,510,1330,1250,982,637,638,614,621,506,0,0,0,0,0,0,0,0,0,600,595,757,721,608,615,593,594,164,164,172
Algeria,,,,,,,,,,,,,,,,,,,,500,0,0,0,0,21k,39.6k,52k,52k,52k,52k,167k,167k,167k,167k,174k,167k,167k,170k,169k,169k,169k,219k,219k,219k,192k,190k,171k,165k,165k,170k,169k,169k,169k,169k,94.1k,94.2k,94.1k,94.1k,94.1k,94.1k,94.1k,94.1k,94.1k,94.1k,94.2k,94.2k,94.2k,94.3k,98.6k,97.7k
Ecuador,,,,,,,,,,,,,,,,,,,,,,200,0,200,0,0,200,0,600,700,640,680,770,870,890,800,710,755,757,510,280,204,232,238,204,213,218,244,309,1600,1680,3230,6370,8430,10k,11.8k,265k,101k,117k,121k,123k,124k,123k,122k,122k,103k,92.4k,102k,105k,105k
Egypt,,,,,,,,,,,,,,470,5000,0,0,0,4800,5000,5020,7370,2600,4000,4000,4000,4510,5000,4850,1440,1580,5500,35k,5500,1090,1080,1150,1620,1740,1990,2250,5510,6710,7220,5400,6030,6490,6280,6550,6840,7220,80.5k,88.7k,90.3k,88.9k,88k,97.5k,97.9k,94.4k,95k,95.1k,110k,230k,236k,212k,214k,233k,247k,258k,273k
Eritrea,,,,,,,,,,,,,,,,,,,,,,,,,,,,,0,0,0,0,0,0,0,0,0,0,0,0,0,0,5,704,1080,2110,2610,2500,2970,1980,2270,3620,3890,4240,4420,4620,5040,4860,4750,4810,4720,3600,3170,2900,2550,2340,2390,2250,199,201
Spain,2000,0,0,2000,0,0,0,0,0,0,2000,2000,2000,14k,14k,17k,20k,20k,23k,29.5k,38k,40k,26k,18k,16k,16.5k,15k,15k,26k,21.5k,21.5k,23.5k,23.7k,9900,9300,10.2k,9200,8690,8680,8300,4010,4040,4990,5350,5840,5670,5510,5920,6710,6980,6800,6780,5910,5690,5370,5270,5140,4650,3960,3810,4220,4500,4640,5800,6450,13k,17.5k,20.4k,57.8k,104k
Estonia,,,,,,,,,,,,,,,,,,,,,,,,,,,,,,,,,,,,,,,,,,0,0,0,0,0,0,0,0,0,6,6,6,6,0,0,6,16,16,31,34,48,52,82,158,312,405,319,331,297
Ethiopia,,,,,,,,,,,,,,,,,0,20k,20k,21k,22.7k,16.2k,5400,5910,11.2k,10.7k,10.9k,10.9k,10.9k,10.9k,5450,5550,31.4k,180k,180k,132k,311k,680k,710k,774k,530k,432k,273k,348k,393k,391k,323k,262k,258k,198k,153k,133k,130k,116k,101k,97k,85.2k,83.6k,122k,154k,289k,376k,434k,660k,736k,792k,889k,903k,733k,800k
Finland,,,,,,,,,,,,,,,,,,,,,,,,,,,,,,,,,,500,500,500,800,1070,2000,2350,4560,5950,8510,9510,10.2k,11.4k,12k,12.3k,12.9k,13.3k,12.7k,12.5k,10.8k,11.3k,11.8k,11.8k,6200,6620,7450,8720,9170,9910,11.2k,11.8k,12.7k,18.4k,20.8k,22.3k,23.5k,23.5k
Fiji,,,,,,,,,,,,,,,,,,,,,,,,,,,,,,,,,,,,,,,,,,0,0,0,9,7,0,0,0,0,0,0,0,0,0,0,0,0,0,0,5,0,0,7,7,7,7,0,12,14
France,290k,280k,270k,263k,345k,363k,389k,381k,387k,246k,253k,260k,174k,176k,178k,179k,177k,177k,175k,159k,142k,98.9k,102k,106k,110k,115k,119k,126k,119k,122k,126k,152k,164k,170k,174k,180k,179k,184k,180k,193k,175k,157k,166k,195k,155k,151k,147k,140k,130k,133k,132k,132k,131k,140k,137k,146k,152k,171k,196k,201k,210k,218k,232k,252k,273k,305k,337k,368k,408k,436k
"Micronesia, Fed. Sts.",,,,,,,,,,,,,,,,,,,,,,,,,,,,,,,,,,,,,,,,,,,,,,,,,,,,0,0,0,0,0,0,0,0,0,0,0,0,0,5,5,,,,
Gabon,,,,,,,,,,,,,,,,,,,4500,0,0,0,0,0,60k,60k,90k,60.2k,30.2k,20k,400,640,0,0,0,100,0,0,0,417,220,272,0,597,790,797,864,1130,15.1k,18k,15.6k,13.5k,14k,13.8k,8540,8420,8820,9000,8840,9010,1770,1660,1590,1010,934,926,845,686,454,482
United Kingdom,208k,200k,192k,182k,175k,182k,179k,175k,170k,167k,164k,160k,157k,160k,170k,167k,164k,161k,162k,162k,150k,150k,150k,156k,153k,153k,148k,150k,146k,148k,146k,143k,140k,135k,135k,100k,100k,39.8k,46k,43.6k,43.4k,64.7k,80.2k,85.2k,90.9k,98.6k,108k,122k,149k,186k,233k,261k,277k,299k,303k,302k,300k,292k,269k,238k,193k,150k,126k,117k,123k,119k,122k,127k,133k,132k
Ghana,,,,,,,,,,,0,0,0,0,0,0,0,0,20k,0,70,0,0,0,130,180,170,70,300,0,0,100,90,90,120,160,150,140,80,8120,8130,12.1k,150k,114k,83.2k,35.6k,22.9k,14.6k,13.3k,12.7k,11.8k,33.5k,43.9k,42k,53.5k,44.9k,35k,18.2k,13.7k,13.8k,13.6k,16k,18.7k,18.4k,17.4k,11.9k,12.2k,11.9k,11.9k,12.4k
Guinea,,,,,,,,,,,,,,,,,,,,,0,0,0,0,0,0,0,0,0,0,0,0,0,0,0,0,0,0,0,325k,548k,478k,577k,553k,672k,664k,435k,482k,502k,427k,178k,182k,184k,139k,63.5k,31.5k,25.2k,21.5k,15.3k,14.1k,16.6k,10.4k,8550,8760,8840,5070,5160,4290,4960,6030
Gambia,,,,,,,,,,,,,,,,,,,,,,,,,,,,,,,,,,,,,,,,77,240,3630,2180,2210,6600,6920,7280,10.3k,17.2k,12k,8130,12.1k,7460,7340,7330,13.8k,14.9k,14.8k,10.1k,8370,9520,9850,9560,11.6k,7850,7940,8040,4030,4300,4380
Guinea-Bissau,,,,,,,,,,,,,0,0,0,0,0,0,0,0,0,0,0,0,0,0,0,0,0,0,110,0,0,0,0,0,0,0,0,3000,4630,12.2k,20.7k,23.9k,15.3k,15.4k,16k,6600,7120,7590,7330,7640,7550,7540,7620,7800,7860,7890,7900,7680,7800,7780,8540,8690,8690,9260,11.2k,4850,1850,1860
Equatorial Guinea,,,,,,,,,,,,,,,,,,40k,0,0,0,0,0,0,0,0,0,0,0,0,0,0,0,0,0,0,0,0,0,0,0,0,0,0,0,0,0,0,0,0,0,0,0,0,0,0,0,0,0,0,0,0,0,0,0,0,0,0,0,0
Greece,18k,19k,18.5k,19k,17.4k,16k,16k,15.7k,15.5k,15.5k,15.2k,15.7k,15.4k,16k,15.6k,15.3k,12.3k,8260,6330,5710,5780,3350,2940,2710,2600,2560,2610,2520,3770,3750,3990,3950,4090,4320,4360,3280,4630,8260,7490,8490,8990,8460,7860,7770,4430,5780,5520,6150,6280,6650,6930,2780,2760,2480,2390,2290,2230,2170,1700,1440,1570,2090,3470,10.3k,24.8k,46.4k,39k,61.4k,80.5k,103k
Grenada,,,,,,,,,,,,,,,,,,,,,,,,,,,,,,,,,,,,,,0,0,0,0,0,0,0,0,0,0,0,0,0,0,0,0,0,0,0,0,0,0,0,5,0,0,0,0,0,0,0,0,5
Guatemala,,,,,,,,,,,,,,,,,,,,,,160,0,0,0,0,0,0,0,4130,100k,70k,70k,70k,12k,12k,12k,223k,223k,223k,223k,223k,4690,4670,1500,1560,1500,814,731,720,724,732,714,655,388,379,377,127,127,137,148,157,154,160,222,295,360,380,408,462
Guyana,,,,,,,,,,,,,,,,,,,,,,100,0,200,0,0,0,0,0,0,0,0,0,0,0,0,0,0,0,0,0,0,0,0,0,0,0,0,0,0,0,0,0,0,0,0,0,0,0,7,7,7,12,12,12,12,17,25,14,33
"Hong Kong, China",30k,0,0,22k,0,0,0,0,0,0,0,0,0,1.12M,1.25M,1.25M,0,0,0,1000,1000,50,0,0,0,0,0,63.4k,55.7k,24.1k,13.5k,12.6k,12.8k,12k,9400,8000,9530,15.4k,12k,8160,4410,2610,1850,1700,1480,1350,1220,1040,973,980,1390,1490,1900,1870,1930,1930,89,90,78,149,146,105,113,160,109,91,85,128,128,266
Honduras,,,,,,,,,,,,,,,,,,,,,,70,0,0,0,0,0,15k,130,25k,28k,32.2k,39.6k,49.2k,60k,68k,63k,237k,237k,237k,102k,100k,65,106,63,63,9,9,8,12,20,28,23,24,21,21,21,26,18,11,16,16,16,28,28,16,27,28,75,85
Holy See,,,,,,,,,,,,,,,,,,,,,,,,,,,,,,,,,,,,,,,,,,,,,,,,,,,,,,,,,0,0,0,0,0,0,0,0,0,0,0,0,0,0
Croatia,,,,,,,,,,,,,,,,,,,,,,,,,,,,,,,,,,,,,,,,,,403k,287k,184k,199k,165k,68.9k,29k,28.4k,22.4k,21.9k,8390,4390,3660,2930,2440,1640,1590,1240,933,818,722,679,724,518,300,508,787,916,966
Haiti,,,,,,,,,,,,,,,,,,,,,,,,0,0,0,0,0,0,0,0,0,0,0,0,0,0,0,0,0,0,0,0,0,0,0,0,0,0,0,0,0,0,0,0,0,0,0,0,0,0,0,0,0,0,5,5,5,0,5
Hungary,,,,,,,,,,,,,,,0,0,0,0,0,0,0,0,0,0,0,0,0,0,0,0,0,0,0,0,0,0,0,0,27k,45.1k,73.8k,32.4k,3020,2900,11.4k,7540,5890,3500,4980,5050,4700,6080,7010,7700,8040,8070,8120,7740,6040,5400,5090,4030,2420,2850,4380,4740,5670,6020,5750,5900
Indonesia,,,,,,,,,,,,,,,,,,,,,,,,,,,,2240,32.3k,8460,14.9k,13.2k,10.1k,9500,8230,4020,2450,2430,999,3280,3160,3530,2400,97,19,61,29,51,162k,123k,73.5k,28.6k,230,164,82,291,306,360,794,808,1000,1810,3200,4270,5950,7820,9780,10.8k,10.3k,10.1k
India,,,,,,,,,,,,,,44k,45k,45k,50k,55k,56.1k,56.5k,56.2k,57.7k,58.8k,59.9k,0,0,0,0,0,0,3510,5010,6930,7200,6720,6440,6720,6650,9550,213k,211k,258k,263k,258k,227k,233k,223k,186k,180k,171k,170k,169k,165k,163k,139k,158k,162k,185k,185k,185k,185k,186k,188k,200k,201k,198k,197k,196k,195k,195k
Ireland,,,,,,,,,,,,,,,,,,,,,,,,,,,,,,,,,,500,600,600,540,480,420,360,300,500,119,400,400,69,430,600,2830,2530,3590,5370,5970,6530,7100,7900,9320,9710,9560,9100,8230,6310,5990,5830,6110,5720,6390,6010,7800,9070
Iran,,,,,,,,,,,,2000,1500,0,0,0,0,300,300,0,0,0,0,0,0,0,0,0,130k,330k,1.56M,1.7M,1.9M,2M,2.3M,2.59M,2.76M,2.85M,2.85M,4.17M,4.4M,4.15M,2.5M,2.24M,2.07M,2.03M,1.98M,1.93M,1.84M,1.87M,1.87M,1.31M,985k,1.05M,974k,968k,964k,980k,1.07M,1.07M,886k,868k,857k,982k,979k,979k,979k,979k,979k,800k
Iraq,,,,,,,,,,,,,,,,,,0,0,0,0,0,0,0,0,0,0,0,400,400,1200,1200,1200,1200,83.2k,111k,1000,0,0,900,88k,115k,109k,120k,117k,113k,104k,104k,129k,128k,128k,134k,46.7k,46.1k,50.2k,44.4k,42.4k,39.5k,35.2k,34.6k,35.2k,98.8k,246k,271k,278k,262k,278k,283k,274k,270k
Iceland,,,,,,,,,,,,,,,,,,,,,,,,,,,,,,,,,,,,,,,,85,141,154,160,160,197,232,252,286,245,235,204,197,226,226,284,254,41,39,58,72,55,55,72,93,170,245,361,549,894,1510
Israel,,,,,,,,,,,,,,,,,,,,,,,,,,,,,,,,,,,,,,0,0,0,0,0,0,0,0,0,0,22,123,4070,4160,4170,4170,564,598,829,1150,9120,17.7k,25.5k,41.2k,48.5k,48.2k,39.7k,32.9k,30.5k,25.7k,18.6k,16.1k,1900
Italy,26.5k,25.5k,24.5k,21.5k,18.5k,21.5k,21k,21k,18.5k,15.5k,14.5k,14.3k,14.6k,14k,15k,14k,13k,13k,14k,13k,12.7k,12.6k,12.6k,13k,11.9k,11.9k,11.7k,11.7k,14.1k,21.5k,22.6k,22.9k,22.1k,21.5k,22.4k,21.5k,20.4k,19.3k,13.9k,10.8k,9800,9240,50.3k,73.1k,74.3k,64.7k,66.6k,5440,6000,6810,8540,10k,12.8k,15.7k,20.7k,26.9k,38.1k,47.1k,55k,56.4k,58.1k,64.8k,76.2k,93.7k,118k,147k,167k,189k,208k,128k
Jamaica,,,,,,,,,,,,,,,,,,,,,,,,,,,,,,,,,,,,,,,,,5,90,60,38,21,23,31,33,33,33,0,0,0,0,0,0,0,0,24,19,19,19,18,23,13,13,13,13,0,32
Jordan,,,,,,,,,,,,,,,,,,,,,50,50,0,0,0,0,0,80,120,60,80,100,150,400,400,0,0,0,130,640,440,270,465,574,698,870,731,776,1010,1060,1060,1200,1200,1100,962,500k,500k,500k,451k,451k,451k,303k,642k,654k,664k,685k,691k,715k,694k,703k
Japan,,,,,,,,,,,,,,,,,,,,,,,,,,,600,610,1260,2390,2520,4390,4900,3970,4710,5020,5600,6110,6480,6820,6400,6670,6500,5940,5430,5280,4850,4480,4230,3750,3200,2660,2270,1970,1940,1840,1790,2020,2330,2580,2650,2580,2590,2560,2480,2510,2190,1890,1460,1140
Kazakhstan,,,,,,,,,,,,,,,,,,,,,,,,,,,,,,,,,,,,,,,,,,,5000,5030,15.6k,15.6k,15.6k,8340,14.8k,20.6k,19.5k,20.6k,15.8k,15.8k,7260,4410,4280,4350,4330,4400,613,561,580,628,701,647,602,568,518,445
Kenya,,,,,,,,,,,,,,,,,,,,930,2600,2490,2970,2740,2450,2500,6010,6500,5810,3510,3380,4760,6760,8060,8790,8040,10.2k,12.8k,12.7k,14.2k,120k,402k,302k,252k,235k,224k,232k,238k,224k,206k,239k,234k,238k,240k,251k,273k,266k,321k,359k,403k,566k,565k,535k,551k,554k,451k,432k,421k,439k,453k
Kyrgyz Republic,,,,,,,,,,,,,,,,,,,,,,,,,,,,,,,,,,,,,,,,,,,21.2k,21.2k,13.4k,16.7k,15.3k,14.6k,10.8k,10.6k,9300,7710,5590,3760,2600,361,722,374,422,2460,6100,4940,468,484,349,334,334,329,347,334
Cambodia,,,,,,,,,,,,,,10k,15k,17k,20k,22k,22k,20k,0,0,0,0,0,0,0,0,0,0,0,0,0,0,0,0,0,0,0,0,0,0,5,12,12,18,16,20,20,29,47,192,76,380,122,92,175,160,131,124,61,75,64,59,74,61,61,0,0,0
Kiribati,,,,,,,,,,,,,,,,,,,,,,,,,,,,,,,,,,,,,,,,,,,,,,,,,,,,,0,0,0,0,0,0,0,0,0,0,0,0,0,,,,,
St. Kitts and Nevis,,,,,,,,,,,,,,,,,,,,,,,,,,,,,,,,,,,,,,,,,,,,,,,,,,0,0,0,0,0,0,0,0,0,0,0,0,0,0,0,0,0,0,5,5,0
South Korea,,,,,,,,,,,,,,,,,,,,,,,,,,,,70,170,0,60,70,0,0,0,0,60,120,230,230,162,149,0,0,5,5,5,0,5,5,5,15,20,37,61,90,108,162,253,352,389,488,548,1160,1460,1800,2240,2890,3200,3500
Kuwait,,,,,,,,,,,,,,,,,,,,,,,,,,,,,5000,5000,2000,2220,2220,2810,2280,0,0,0,210,0,45.6k,44.9k,30k,30k,3310,3830,3790,4180,4330,2780,1260,1520,1520,1520,1520,49,38.2k,38.2k,222,185,336,676,633,611,736,935,613,671,686,737
Lao,,,,,,,,,,,,,,,,,,,,,,700,0,0,70,110,100,120,110,10.4k,3500,3500,1260,1200,0,0,80,0,0,0,0,0,0,0,0,0,0,0,0,0,0,0,0,0,0,0,0,0,0,0,0,0,0,0,0,0,0,0,0,0
Lebanon,,,,,,,,,,,,,,1310,570,3430,0,4510,4510,0,3050,3340,3830,0,0,700k,700k,5000,2900,5000,3200,2800,2920,2920,4890,5920,5900,4420,4350,2550,5220,6010,1190,1360,1870,2410,3060,3680,4170,2670,2820,2830,2520,1750,1080,20.2k,50.3k,50.4k,50.4k,8050,8990,134k,857k,1.15M,1.07M,1.01M,999k,950k,916k,870k
Liberia,,,,,,,,,,,,,,,,,,,1000,0,60,0,0,0,0,0,1550,0,0,0,0,0,90,260,180,250,170,80,250,0,0,100k,150k,120k,120k,120k,127k,96.3k,96.3k,69.3k,54.8k,64.9k,34k,15.2k,10.2k,16.2k,10.5k,10.2k,6940,24.7k,128k,65.9k,53.2k,38.6k,36.5k,19k,11.1k,9100,8230,8230
Libya,,,,,,,,,,,,,,,,,,,,,,,,,,,,,,0,0,0,0,0,0,0,0,0,0,0,0,0,1180,2000,3970,7750,8480,10.6k,10.5k,11.5k,11.7k,11.7k,11.9k,12.2k,12.2k,2760,4090,6710,9000,7920,10.1k,7070,25.6k,28k,9310,9310,9350,8790,4730,4180
St. Lucia,,,,,,,,,,,,,,,,,,,,,,,,,,,,,,,,,,,,,,,,,,,,,,,5,0,0,0,0,0,0,0,0,0,0,0,0,0,0,0,5,0,0,0,0,0,0,0
Liechtenstein,,,,,,,,,,,,,,,,,,,,,,,,,,,,,,,,,,,,,,,,,,,,,,,,,,70,140,126,147,147,148,274,278,84,86,86,88,103,96,102,146,161,164,166,125,154
Sri Lanka,,,,,,,,,,,,,,,,,,,,,,,,,,,,,,,,,,,0,0,0,0,0,0,15,21,19,11,12,11,21,25,18,12,13,22,26,60,106,162,184,271,251,224,187,109,143,508,781,602,820,796,1040,1010
Lesotho,,,,,,,,,,,,,,,,,,,,70,190,60,180,190,190,900,1130,990,690,10k,11.5k,11.5k,11.5k,11.8k,11.5k,11.5k,4000,4230,4250,212,220,117,60,57,0,0,0,0,0,0,39,0,0,0,0,0,0,0,0,0,38,33,29,43,31,46,55,56,143,281
Lithuania,,,,,,,,,,,,,,,,,,,,,,,,,,,,,,,,,,,,,,,,0,0,0,0,0,0,0,5,30,38,48,283,363,399,469,527,527,688,749,790,808,824,871,918,1010,1090,1280,1580,1730,1820,1920
Luxembourg,1800,1800,1800,1800,1800,1900,1900,1900,1900,1900,1900,1900,1900,0,0,0,0,0,0,0,0,0,0,0,0,0,0,0,0,0,0,0,0,0,0,0,0,0,0,687,692,2210,225,300,700,700,700,700,700,759,1200,1200,1200,1590,1820,2210,2740,3110,3230,3250,2860,2910,901,1090,1310,2020,2020,2020,2550,5210
Latvia,,,,,,,,,,,,,,,,,,,,,,,,,,,,,,,,,,,,,,,,,,0,0,0,0,0,0,0,5,5,5,5,16,10,10,22,27,27,40,60,88,113,149,168,193,340,653,664,665,667
Morocco,3000,2900,2800,3500,0,0,0,2700,2700,2700,2900,2900,3200,3000,2360,2180,3000,1480,1440,1440,1430,1380,860,620,510,360,500,500,500,340,500,510,540,800,860,800,800,800,303,311,322,319,336,336,38,36,42,901,901,2110,2090,2130,2120,189,210,495,779,768,776,798,736,745,1460,1210,3900,4760,4700,5930,6640,8160
Monaco,,,,,,,,,,,,,,,,,,,,,,,,,,,,,,,,,,,,,,,,,,,,,,,,,,,,,,,0,0,0,0,0,0,37,37,34,33,32,27,25,25,22,22
Moldova,,,,,,,,,,,,,,,,,,,,,,,,,,,,,,,,,,,,,,,,,,,0,0,0,0,0,0,10,64,156,172,97,51,79,157,140,135,131,132,131,176,237,323,434,419,391,409,417,435
Madagascar,,,,,,,,,,,,,,,,,,,,,,,,,,,,,,,,,,,,,,,,,,,,73,0,0,0,0,28,50,34,0,0,0,0,0,0,0,0,0,5,5,11,11,6,22,39,39,113,127
Maldives,,,,,,,,,,,,,,,,,,,,,,,,,,,,,,,,,,,,,,,,,,,,,,,,,,,,,,0,0,0,0,0,0,0,0,0,0,0,0,0,0,0,0,0
Mexico,,,,,,,,,,,,,,,,,,,,3000,3000,3000,4000,3500,0,0,4000,5000,5770,44k,150k,168k,170k,175k,175k,175k,177k,356k,357k,356k,360k,361k,52.5k,47.4k,38.7k,34.6k,31.9k,28.2k,24.5k,18.5k,15.5k,13k,6070,4340,3210,3310,1600,1040,1220,1360,1650,1500,1810,1820,2900,6180,8990,16.5k,28.5k,45.5k
Marshall Islands,,,,,,,,,,,,,,,,,,,,,,,,,,,,,,,,,,,,,,,,,,,,,,,,,,,,,,,,,,,,,,,0,0,0,0,0,0,0,0
North Macedonia,,,,,,,,,,,,,,,,,,,,,,,,,,,,,,,,,,,,,,,,,,32k,31.5k,14.9k,9050,5090,3500,1700,21.2k,9050,4360,2820,191,1000,1270,1240,1230,1670,1540,1400,1130,1080,980,880,697,634,414,413,354,314
Mali,,,,,,,,,,,,,,,,,,,,,60,0,0,0,0,0,0,0,0,0,0,0,0,0,0,50,50,50,50,13.4k,13.1k,13.1k,15.2k,15.8k,17.9k,18.2k,12.6k,13.6k,8300,8410,8440,9090,10k,11.3k,11.2k,10.6k,9200,9570,13.5k,13.6k,15.6k,13.9k,14.3k,15.2k,15.9k,17.5k,17k,26.5k,26.7k,47.4k
Malta,,,,,,,,,,,,,,,,,,,,,,,,,,,,,,,,,,,,,,,,,,,505,424,410,357,334,291,271,191,175,311,894,1560,1940,2410,3000,4330,5950,6140,6950,8240,9900,6100,7070,7940,7990,8580,8910,9210
Myanmar,,,,,,,,,,,,,,,,,,,,,,0,0,0,0,0,0,0,0,0,0,0,0,0,0,0,0,0,0,0,0,0,0,0,0,0,0,0,0,0,0,0,0,0,0,0,0,0,0,0,0,0,0,0,0,0,0,0,0,0
Montenegro,,,,,,,,,,,,,,,,,,,,,,,,,,,,,,,,,,,,,,,,,,,,,,,,,,,,,,,,6930,8530,24.7k,24k,16.4k,12.9k,11.2k,8470,6460,1760,970,794,727,653,176
Mongolia,,,,,,,,,,,,,,,,,,,,,,,,,,,,,,,,,,,,,,,,,,,,,,0,0,0,0,0,0,0,0,0,0,5,5,11,11,12,0,5,8,5,11,10,5,5,0,10
Mozambique,,,,,,,,,,,,,,0,0,0,0,0,0,0,0,0,0,0,44.6k,30k,42.5k,100k,150k,100,100,130,900,820,710,660,400,390,400,420,420,299,202,313,130,200,69,51,219,206,206,206,309,617,1950,2560,2760,3160,3540,4070,4070,4400,4440,4530,5620,4660,4880,4910,4710,4760
Mauritania,,,,,,,,,,,,,,,,,,,,,,,,,,,,,,,,,,,,,50,0,15k,60k,35.2k,37.5k,51.5k,82.2k,34.4k,15.9k,7510,26,221,350,363,398,475,473,627,771,30.5k,27k,26.8k,26.7k,26.5k,80.5k,92.8k,75.6k,77.4k,74.1k,77.4k,83.2k,84.9k,93.6k
Mauritius,,,,,,,,,,,,,,,,,,,,,,,,,,,,,,,,,,,,,,,,,,,,,0,0,0,0,43,0,14,0,0,0,0,0,0,0,0,0,0,0,0,0,0,0,5,16,20,20
Malawi,,,,,,,,,,,,,,,,0,0,0,0,0,0,0,0,0,0,0,0,0,0,0,0,0,0,0,0,100k,402k,628k,823k,927k,982k,1.06M,714k,90.2k,1020,1270,278,1240,1690,3900,6200,2170,3210,3680,4240,3940,2930,4170,5440,5740,6310,6550,5790,5870,9020,9390,8980,13.8k,14.1k,14.9k
Malaysia,,,,,,,,,,,,,,,,,,,,,,,,,,,96k,142k,125k,104k,103k,99.2k,111k,109k,105k,99k,99.4k,105k,110k,14.9k,13.9k,11.4k,145,5300,5280,5310,5280,50.6k,50.5k,50.5k,50.5k,50.6k,7420,24.9k,33.7k,37.2k,32.7k,36.7k,66.1k,81.5k,86.7k,90.2k,97.5k,99.4k,94.2k,92.3k,104k,121k,129k,130k
Namibia,,,,,,,,,,,,,,,,0,0,0,0,0,0,0,0,0,0,0,0,0,0,0,0,0,0,0,0,0,0,0,0,0,136,171,584,1150,1680,2200,2500,3820,7610,27.3k,30.9k,21.6k,19.8k,14.8k,5300,5450,6520,6790,7160,7250,6050,1810,2330,1770,1730,1750,2180,2390,3180,3590
Niger,,,,,,,,,,,,,,,,,,,,,,,,,,,1500,0,0,0,0,0,0,0,0,0,0,0,0,792,1390,3700,16.7k,15.1k,27.6k,25.8k,7370,3690,350,59,79,296,333,342,297,312,318,316,326,315,301,50.5k,57.7k,77.8k,125k,166k,166k,175k,180k,233k
Nigeria,,,,,,,,,,,,,,,,,,0,0,0,0,0,0,0,0,50,300,370,400,100k,89.6k,5240,4620,4570,5880,4760,5100,5170,3780,3570,3570,4780,4820,6030,8120,8490,9070,6780,6940,7270,7200,7350,9170,8400,9020,8760,8460,10.1k,9130,8740,8800,3150,1690,1240,1390,1360,1910,34.7k,54.2k,66.1k
Nicaragua,,,,,,,,,,,,,,,,,,,,,,50,0,0,0,0,0,0,0,4100,21.3k,23.8k,18.5k,18.5k,17.3k,8280,9000,16k,15.2k,16k,14.9k,14.4k,5640,314,577,557,462,471,471,330,322,324,300,288,222,195,182,142,115,59,80,124,184,273,325,325,322,321,322,326
Netherlands,14.2k,14.1k,13.9k,12.4k,11.4k,13.6k,13.5k,13k,12.8k,12k,10k,10k,9500,9500,9000,8500,8000,8000,8000,8520,8600,8830,8400,8020,7850,7900,8000,8000,10k,12k,13k,14k,14.5k,15k,15.5k,16k,24k,26k,17k,17.3k,19k,29.7k,43.5k,62.2k,79.9k,103k,118k,131k,139k,146k,152k,148k,141k,127k,118k,101k,86.6k,77.6k,76k,74.9k,74.6k,71.9k,74.7k,82.5k,88.5k,102k,104k,102k,94.4k,78.9k
Norway,2500,2500,2500,2300,2300,2800,3400,3300,3100,3000,3000,3000,3000,0,0,0,0,0,0,2000,3000,3000,3000,3000,3000,1000,6000,6000,6000,6000,6000,6000,10k,10k,11.8k,13.2k,15k,11k,18.5k,19.6k,29.1k,29.8k,38.4k,44.6k,47.6k,48.4k,47.4k,45.3k,43.4k,47.7k,50.1k,50.4k,46.1k,44k,43k,43.3k,34.5k,36.1k,37.8k,40.2k,40.7k,42.8k,46.1k,47k,50.4k,59.5k,59.2k,57k,53.9k,49.7k
Nepal,,,,,,,,,,,,,,7000,7000,7000,7180,7730,7990,8060,7930,8000,8000,8100,8200,8300,8400,8500,8600,8700,8800,9800,10.8k,11.8k,12.8k,13.8k,14.8k,15.8k,16.9k,17.8k,28.3k,95.3k,105k,123k,125k,127k,129k,126k,128k,129k,131k,132k,124k,125k,126k,128k,131k,125k,108k,89.8k,72.7k,56.3k,46.3k,38.5k,32.7k,25.2k,21.5k,20.8k,19.6k,19.6k
Nauru,,,,,,,,,,,,,,,,,,,,,,,,,,,,,,,,,,,,,,,,,,,,,,,,,0,0,0,0,0,0,0,0,0,0,0,0,0,0,0,386,508,508,964,964,755,1080
New Zealand,,,,,,,,,,,,,,,,,3000,2000,2000,2000,0,0,0,0,0,0,0,10k,10k,10k,10.6k,10.6k,10.6k,4500,4600,4400,4200,4150,4670,4670,16.8k,17.3k,3940,3670,3770,3790,3650,4100,4800,4920,5250,5760,5800,5330,5300,4880,2720,2700,3290,2300,1920,1500,1390,1340,1310,1410,1470,1550,1710,1810
Oman,,,,,,,,,,,,,,,,,,,,,,,,,,,,,,,,,,,,,,,,,,,,0,0,0,0,0,0,0,0,0,0,7,7,7,7,7,26,78,83,138,138,150,244,316,308,310,308,308
Pakistan,,,,,,,,,,,,,,,,,,,,,,,,,,,,,400k,1.43M,2.38M,2.88M,2.9M,2.5M,2.73M,2.88M,3.16M,3.26M,3.28M,3.26M,3.1M,1.63M,1.48M,1.06M,1.2M,1.2M,1.2M,1.2M,1.2M,2M,2.2M,1.23M,1.12M,1.29M,1.08M,1.04M,2.04M,1.78M,1.74M,1.9M,1.7M,1.64M,1.62M,1.51M,1.56M,1.35M,1.39M,1.4M,1.42M,1.44M
Panama,,,,,,,,,,,,,,,,,,,,,,130,0,1150,0,0,500,1050,1070,3320,1500,1820,1500,1500,1200,1270,1600,1990,1450,1350,914,1010,964,972,867,864,618,1180,1320,1310,1470,1570,1440,1600,1720,1840,16.9k,16.9k,16.9k,17.1k,17.2k,17.4k,17.6k,17.3k,17.3k,17.3k,2420,2500,2540,2630
Peru,,,,,,,,,,,,,,,,,,,,1500,1500,1550,0,4600,600,440,1200,1100,6280,1460,1500,1200,600,560,700,600,640,654,691,724,683,640,736,656,610,659,744,425,700,686,681,679,710,757,835,897,981,1060,1090,1130,1130,1100,1130,1280,1450,1620,1790,2510,2850,4330
Philippines,,,,,,,,,,,,,,,,,,,,,,,,,690,940,1300,5300,5300,20.3k,23.3k,15.2k,18.9k,18.3k,17k,13.8k,13.2k,21.1k,26.7k,19.9k,8970,6720,2480,668,776,685,306,303,166,175,132,109,109,106,92,96,102,99,93,238,118,141,178,213,254,392,512,631,680,744
Palau,,,,,,,,,,,,,,,,,,,,,,,,,,,,,,,,,,,,,,,,,,,,,,,,,,,,,,,,,,,11,0,0,0,0,0,0,0,0,,,
Papua New Guinea,,,,,,,,,,,,,,,,,,,,,,,,,,,,1000,1000,1000,150,2200,1230,10.9k,11.8k,11.3k,9620,9240,7730,7100,6100,6690,7670,8460,9600,10.2k,8200,8200,6660,5860,4940,4940,7490,7630,10k,10.2k,10k,10k,9700,9700,9380,9380,9370,9500,9500,9530,10k,10k,9700,10.8k
Poland,,,,,,,,,,,,,,,,,,,,0,0,0,0,0,0,0,0,0,0,0,0,0,0,0,0,0,0,0,0,0,550,2720,810,393,600,600,835,895,937,1010,1300,1590,1820,2490,4590,6790,10k,12.8k,15.3k,15.5k,15.8k,15.9k,16.4k,15.7k,14.1k,11.7k,12.2k,12.5k,12.7k,2810
North Korea,,,,,,,,,,,,,,,,,,,,,,,,,,,,,,,,,,,,,,,,,,,,,,0,0,0,0,0,0,0,0,0,0,0,0,0,0,0,0,0,0,0,0,0,0,0,0,0
Portugal,,,,,,,,,,,,,,,,,,,,,,,,,150,0,7500,7500,7600,7600,7600,7600,700,600,700,800,800,789,657,867,998,1780,600,248,248,297,310,329,364,416,444,460,414,368,355,322,346,393,383,368,399,473,596,704,851,1190,1620,2130,2380,2450
Paraguay,,,,,,,,,,,,,,,,,,,4000,1500,1500,1400,0,1160,0,0,1500,1500,1200,800,800,50,50,0,80,60,50,50,50,66,66,45,50,60,60,53,48,34,20,19,19,19,25,40,46,55,57,70,85,103,120,129,132,149,167,199,200,260,1010,1700
Palestine,,,,,,,,,,,,,,,,,,,,,,,,,,0,0,0,0,0,0,0,0,0,0,0,0,0,0,0,0,0,0,0,0,0,0,0,0,0,0,0,0,0,0,0,0,0,0,0,0,0,0,0,0,0,0,0,0,0
Qatar,,,,,,,,,,,,,,,,,,,,,,,,,,,,,,200,200,200,200,200,200,0,0,0,0,0,0,0,0,0,0,0,0,0,6,31,67,46,46,46,46,46,46,13,29,51,80,80,130,132,117,176,188,189,202,201
Romania,,,,,,,,,,,,,,,,,,,,0,0,0,0,0,0,0,1000,1000,1000,1000,1000,1000,1000,1000,0,0,0,0,0,0,651,520,1170,1170,192,261,631,983,1230,1680,1790,1840,1990,1610,2040,1640,1740,1590,1070,1020,1000,1260,1750,2170,2580,2880,3910,4130,3860,3630
Russia,,,,,,,,,,,,,,0,0,0,0,0,0,0,0,0,0,0,0,0,0,0,0,0,0,0,0,0,0,0,0,0,0,0,0,0,0,0,0,247k,238k,129k,80.1k,26.3k,18k,15k,9900,1850,1510,1410,1640,3470,4880,4920,3910,3160,3450,236k,314k,229k,126k,77.4k,42.4k,20.3k
Rwanda,,,,,,,,,,,0,0,0,0,3000,250,0,0,0,0,0,4000,6500,6000,7400,7500,7500,7600,7900,10.4k,18.1k,62k,49.5k,48.9k,20.1k,19.4k,19.5k,22.2k,23.3k,23.6k,34k,25.2k,277k,6000,7790,25.3k,34.2k,33.4k,34.4k,28.4k,34.8k,30.9k,36.6k,50.2k,45.2k,49.2k,53.6k,55.1k,54k,55.4k,55.3k,58.2k,73.4k,73.8k,145k,156k,171k,145k,145k,140k
Saudi Arabia,,,,,,,,,,,,,,,,,,,,,,,,100,0,0,0,0,100k,100k,65k,59k,59k,106k,130k,202k,0,0,0,0,33.3k,28.7k,24k,18k,13.2k,9850,5830,5530,5560,5310,245k,245k,241k,241k,241k,241k,241k,241k,573,578,595,575,557,559,122,136,153,263,315,340
Sudan,,,,,,,,,,,,,0,0,0,0,33k,38.3k,37.4k,60.8k,60k,49k,50.9k,53.7k,95.5k,110k,150k,270k,352k,493k,553k,637k,690k,971k,1.16M,974k,807k,745k,768k,1.03M,729k,726k,745k,727k,674k,394k,374k,391k,391k,415k,349k,328k,138k,142k,147k,196k,223k,182k,186k,178k,139k,152k,160k,278k,310k,421k,907k,1.08M,1.06M,1.04M
Senegal,,,,,,,,,,,,,6000,30k,50k,61.4k,59.9k,57.2k,68.4k,67.1k,80k,82k,84k,90k,46k,38k,5000,5000,5000,5000,4000,5250,5140,5200,5500,5510,5180,5200,53.3k,58.1k,71.9k,71.6k,73k,73k,66.8k,65k,57.2k,60.8k,21.5k,20.8k,20.7k,20.7k,20.7k,20.8k,20.7k,20.6k,20.4k,33.2k,22.1k,20.7k,20.6k,14.2k,14.2k,14.3k,14.4k,14.6k,14.6k,14.4k,14.5k,14.4k
Singapore,,,,,,,,,,,,,,,,,,,,,,,,,,,,730,900,0,0,480,290,0,0,60,320,320,480,146,166,115,5,10,109,10,5,5,0,0,0,0,0,0,0,0,7,7,5,5,0,0,0,5,0,0,0,0,0,5
Solomon Islands,,,,,,,,,,,,,,,,,,,,,,,,,,,,,,,,,,,,,,,,,,,,,2000,2000,800,210,0,0,0,0,0,0,0,0,0,0,0,0,0,0,0,5,5,0,0,0,0,0
Sierra Leone,,,,,,,,,,,,,,,,,,,500,0,0,0,0,0,0,170,150,50,60,0,0,120,150,180,160,170,90,60,0,126k,28k,5870,16.3k,15.9k,4680,13.5k,13k,9860,6570,6540,10.5k,63.5k,61.2k,65.4k,60k,27.4k,8790,7830,9050,8360,8090,4200,2820,1370,760,683,678,591,441,342
El Salvador,,,,,,,,,,,,,,,,,,,,,,100,0,0,0,0,0,0,0,390,0,0,0,0,210,310,300,20.4k,20.7k,20.3k,20.1k,19.9k,161,153,153,148,106,30,21,57,69,74,246,235,51,39,39,34,32,39,39,43,42,33,46,41,40,44,48,63
San Marino,,,,,,,,,,,,,,,,,,,,,,,,,,,,,,,,,,,,,,,,,,,,,,,,0,0,0,0,0,0,0,0,,,,,,,,,,,,,,,
Somalia,,,,,,,,,,,,,,,,,,,,,,,,,0,0,500k,600k,1.18M,2M,700k,700k,700k,701k,812k,700k,840k,834k,770k,460k,0,480,399,389,628,700,622,338,130,555,587,193,366,362,498,669,903,1840,1820,1930,2100,2310,2430,2730,8080,11.6k,14.6k,16.7k,17.9k,11.2k
South Sudan,,,,,,,,,,,,,,,,,,,,,,,,,,,,,,,,,,,,,,,,,,,,,,,,,,,,,,,,,,,,,105k,203k,230k,248k,263k,263k,283k,292k,298k,314k
Sao Tome and Principe,,,,,,,,,,,,,,,,,,,,,,,,,,,,,,,,,,,0,0,0,0,0,0,0,0,0,0,0,0,0,0,0,0,0,0,0,0,0,0,0,0,0,0,0,0,0,0,0,0,0,0,0,0
Suriname,,,,,,,,,,,,,,,,,,,,,,,,,,,,,,,,,,,,,,,0,0,0,52,50,39,0,0,11,0,0,0,0,0,0,0,0,0,0,0,0,0,0,0,0,0,0,0,34,41,44,24
Slovak Republic,,,,,,,,,,,,,,,,,,,,,,,,,,,,,,,,,,,,,,,,,,,1520,159,2340,1390,746,418,436,444,461,443,412,396,352,235,265,301,387,451,535,650,691,791,816,980,912,938,965,1040
Slovenia,,,,,,,,,,,,,,,,,,,,,,,,,,,,,,,,,,,,,,,,,,74.1k,45k,29.2k,22.3k,10k,5130,3460,4380,2810,2410,384,2070,299,243,249,255,257,281,315,134,169,202,251,284,454,611,746,741,858
Sweden,44k,42k,37k,33k,28k,31k,33k,31k,28k,26k,26k,26k,26k,24k,22k,20k,18k,17k,17k,20k,20k,20k,20k,20k,20k,20k,20k,20k,20k,20k,20k,20k,43k,90.6k,90.6k,120k,130k,140k,140k,110k,124k,131k,162k,201k,199k,191k,187k,179k,160k,157k,146k,142k,112k,73.4k,74.9k,79.9k,75.1k,77k,81.3k,82.6k,86.6k,92.9k,114k,142k,170k,230k,241k,248k,254k,248k
Eswatini,,,,,,,,,,,,,,,,,,,,135,50,80,100,50,50,80,135,720,5250,5470,5610,7350,6230,8980,10.8k,12.1k,14.6k,29.4k,34.9k,42.1k,49.6k,55.6k,48.9k,645,712,575,591,589,613,690,690,653,685,703,763,752,789,775,757,757,757,499,501,511,694,725,790,874,940,970
Seychelles,,,,,,,,,,,,,,,,,,,,,,,,,,,,,,,,,,,,,,0,0,0,0,0,0,0,0,0,0,0,0,0,0,0,0,0,0,0,0,0,0,0,0,0,0,0,0,0,0,0,0,0
Syria,,,,,,,,,,,,,,,,,,0,0,0,0,0,0,0,0,0,0,170,200,350,1050,26.6k,40.5k,34.2k,47.8k,1330,0,280,0,4130,4210,6310,38.7k,40.3k,36.2k,27.8k,22.7k,21k,6460,3460,3350,2910,3680,15.6k,26.1k,702k,1.5M,1.11M,1.05M,1.01M,755k,476k,149k,149k,21.1k,19.8k,19.4k,18.8k,16.2k,15.3k
Chad,,,,,,,,,,,,,,,,,,,,0,0,0,0,0,0,0,0,0,0,0,0,0,0,0,0,0,0,0,0,0,0,70,62,105,100,100,298,8810,23.5k,17.7k,12.9k,33.5k,146k,260k,275k,287k,294k,331k,338k,348k,366k,374k,434k,453k,370k,391k,411k,451k,443k,479k
Togo,,,,,,,,,,,5000,5000,5000,5000,5000,0,0,0,200,0,0,0,0,0,0,100,0,0,0,0,0,200,1770,1800,3050,2610,3460,3420,3400,3480,3410,3350,3280,12.4k,10.9k,12.6k,12.7k,11.8k,12.1k,12.2k,12.3k,12.3k,12.4k,11.3k,9290,6330,1330,9380,8530,14.1k,19.3k,23.5k,20.6k,21.8k,21.9k,12.5k,12.4k,12.3k,12k,10.8k
Thailand,,,,,,,,,,,,,,,,,,,,,,,,,75.8k,82.9k,97.6k,139k,152k,261k,193k,169k,144k,129k,130k,120k,113k,108k,99.9k,99.8k,88.2k,63.6k,119k,101k,107k,108k,169k,138k,100k,105k,111k,113k,119k,121k,117k,133k,126k,113k,105k,96.7k,89.2k,84.5k,136k,130k,108k,106k,105k,102k,97.6k,96.2k
Tajikistan,,,,,,,,,,,,,,,,,,,,,,,,,,,,,,,,,,,,,,,,,,3000,300,695,620,1170,2180,3630,4540,15.4k,15.3k,3440,3300,1840,1020,930,1140,1800,2680,3130,3320,2250,2050,2030,1960,2720,2520,2650,3790,5590
Turkmenistan,,,,,,,,,,,,,,,,,,,,,,,,,,,,,,,,,,,,,,,,,,,15.4k,15.4k,23.3k,15.6k,15.8k,14.6k,18.5k,14.2k,14k,13.7k,13.5k,13.3k,12k,751,126,81,62,64,59,46,45,34,25,26,22,21,21,20
Timor-Leste,,,,,,,,,,,,,,,,,,,,,,,,,,,,,,,,,,,,,,,,,,,,,,,,,0,0,0,0,0,0,0,0,0,0,0,0,0,0,0,0,0,0,0,0,0,0
Tonga,,,,,,,,,,,,,,,,,,,,,,,,,,,,,,,,,,,,,,,,,,,,,,0,0,0,0,0,0,0,0,0,0,0,0,0,0,0,0,0,0,0,0,0,0,0,0,0
Trinidad and Tobago,,,,,,,,,,,,,,,,,,,,,,,,,,,,,,,,,,,,,,,,,,,,0,0,0,0,0,0,0,0,0,0,0,0,0,15,36,41,20,15,13,10,76,105,104,282,784,2310,3220
Tunisia,2000,0,0,2000,0,0,0,1000,1000,1000,1000,1000,1000,1000,500,0,0,1000,0,0,100,0,70,0,0,0,0,0,0,0,0,0,0,0,0,0,0,0,0,30,130,111,99,11,195,172,497,525,444,428,92,93,87,83,81,85,93,90,86,86,4090,1430,727,895,659,646,726,1060,1730,2620
Turkey,2700,2000,2000,2500,2200,2100,2200,2150,2150,2200,2300,2300,2300,2300,2000,1900,1850,1980,1400,1170,1150,1160,1160,1060,1060,1060,1050,1070,1060,6100,1180,1670,1320,2600,1790,1920,2200,4450,33.1k,28k,30.5k,28.5k,23.3k,24.9k,12.8k,8170,2450,2530,2810,3100,3470,3300,2490,3030,2400,2620,6940,11.1k,10.3k,10k,14.5k,267k,610k,1.59M,2.54M,2.87M,3.48M,3.68M,3.58M,3.65M
Tuvalu,,,,,,,,,,,,,,,,,,,,,,,,,,,,,,,,,,,,,,,,,,,,,0,0,0,0,0,0,0,0,0,0,0,0,0,0,0,0,0,0,,,,,,,,
Tanzania,,,,,,,,,,,12k,12k,12k,25k,29k,34k,39.8k,46k,54.5k,71.5k,71.2k,165k,181k,193k,171k,154k,165k,161k,161k,160k,164k,159k,180k,180k,214k,224k,266k,265k,265k,265k,288k,292k,565k,883k,830k,499k,570k,544k,622k,681k,647k,689k,650k,602k,549k,485k,436k,322k,119k,109k,131k,101k,102k,88.5k,212k,281k,309k,278k,242k,235k
Uganda,,,,,,,,,,,52k,52k,59k,113k,137k,156k,163k,176k,177k,180k,181k,167k,114k,119k,113k,113k,114k,114k,113k,113k,113k,113k,133k,151k,151k,144k,88.7k,103k,130k,146k,163k,196k,287k,287k,229k,264k,189k,205k,218k,237k,200k,217k,231k,250k,257k,272k,229k,162k,127k,136k,139k,198k,221k,386k,477k,941k,1.35M,1.17M,1.36M,1.42M
Ukraine,,,,,,,,,,,,,,,,,,,,,,,,,,,,,,,,,,,,,,,,,,0,0,5190,5190,3590,4570,6100,2690,2930,2960,2940,2850,2440,2330,2270,7270,7190,7320,3020,3170,2790,2960,3210,3260,3290,3240,2610,2170,2270
Uruguay,,,,,,,,,,,,,,,,,,,,1500,1500,1500,0,1250,0,0,2000,2000,2000,1700,1700,60,150,0,110,70,110,110,110,87,81,90,131,116,121,130,134,163,83,74,86,97,84,87,114,117,130,133,162,181,165,170,190,254,292,299,334,379,498,719
United States,350k,500k,500k,500k,500k,500k,500k,500k,500k,500k,500k,500k,500k,500k,510k,500k,480k,498k,500k,500k,530k,530k,530k,530k,530k,500k,685k,734k,734k,404k,537k,620k,656k,627k,493k,399k,366k,378k,411k,465k,514k,580k,623k,631k,623k,607k,564k,534k,521k,508k,516k,485k,453k,421k,379k,843k,281k,280k,275k,265k,265k,262k,264k,267k,273k,273k,287k,313k,342k,341k
Uzbekistan,,,,,,,,,,,,,,,,,,,,,,,,,,,,,,,,,,,,,,,,,,,8000,8000,2620,2890,3150,1070,1020,38.3k,39.6k,44.9k,44.7k,44.5k,43.9k,1420,1050,819,556,309,216,178,143,123,106,26,20,13,13,18
St. Vincent and the Grenadines,,,,,,,,,,,,,,,,,,,,,,,,,,,,,,,,,,,,,,,,,,,,0,0,0,0,0,0,0,0,0,0,0,0,0,0,0,0,0,0,0,0,0,0,0,0,0,0,0
Venezuela,,,,,,,,,,,,,,,,,,,15k,15k,15k,14.7k,15.4k,14.3k,0,0,16k,16k,16k,17.8k,17k,850,1100,1420,1890,1800,1900,2010,2120,1750,1720,1990,2230,2170,1610,1590,290,157,186,130,62,62,62,245,409,716,201k,201k,201k,202k,202k,204k,204k,174k,174k,172k,123k,67.3k,67.7k,68.1k
Vietnam,,,,,,,,,,,,,,0,0,0,0,0,0,0,57k,55k,35k,0,0,0,60k,150k,35k,33k,30k,26k,21.1k,21k,25k,27.2k,25k,27k,23.1k,21.1k,20.1k,16.3k,5080,5000,34.4k,34.4k,15k,15k,15k,15.9k,15.9k,15.9k,15.4k,2360,2360,2360,2360,2360,2360,1930,990,0,0,0,0,0,0,0,0,5
Vanuatu,,,,,,,,,,,,,,,,,,,,,,,,,,,,,,,,,,,,,,,,,,,,,,,,,,,,,,,,,,5,5,5,0,0,0,0,0,0,0,0,0,0
Samoa,,,,,,,,,,,,,,,,,,,,,,,,,,,,,,,,,,,,,,,,,,,,,,,,,,,0,0,0,0,0,0,0,0,0,0,0,0,0,0,0,5,5,5,0,0
Yemen,,,,,,,,,,,,,,,,,,,,,,,,,,,50,15.1k,15.4k,15.6k,1030,1400,3680,4280,5000,105k,73k,78.2k,80.1k,2940,30k,59.7k,54.5k,48.3k,53.5k,53.5k,41k,61.4k,60.5k,60.5k,69.5k,82.8k,61.9k,66.4k,81.9k,95.8k,117k,140k,171k,190k,215k,237k,241k,258k,267k,270k,271k,264k,269k,167k
South Africa,,,,,,,,,,,,,,,,0,0,0,0,0,0,0,0,0,0,0,0,0,0,0,0,0,0,0,0,0,0,0,0,0,0,0,250k,91.9k,101k,22.6k,6820,8390,14.5k,15.1k,18.6k,23.3k,26.6k,27.7k,29.7k,35.1k,36.7k,43.5k,48k,57.9k,57.9k,65.2k,66k,112k,122k,91k,88.7k,89.3k,78.4k,76.8k
Zambia,,,,,,,,,,,,,,,5000,6290,10.7k,13.2k,12.6k,16k,17k,25k,37.3k,40.4k,36k,34.1k,64.9k,79.1k,57.8k,36.4k,40.6k,89.1k,103k,96.5k,104k,138k,144k,144k,137k,138k,141k,142k,141k,141k,130k,131k,165k,169k,206k,251k,284k,247k,227k,174k,156k,120k,113k,83.5k,56.8k,47.9k,45.6k,25.6k,23.6k,25.6k,26.4k,29.3k,41.3k,49.9k,57.5k,66.1k
Zimbabwe,,,,,,,,,,,,,,,,,,,,,,,,,0,0,0,0,0,50,5100,20.2k,50.4k,50.5k,62.8k,65.2k,124k,174k,175k,191k,198k,238k,100k,2190,515,594,800,1660,2070,4130,8710,9430,12.7k,6880,13.8k,3520,3980,3470,3990,4430,4560,4350,6390,6080,6940,7420,7570,7800,8960,9270
